{
	"United States": [
		"Alabama",
		"Alaska",
		"Arizona",
		"Arkansas",
		"California",
		"Colorado",
		"Connecticut",
		"Delaware",
		"Florida",
		"Georgia",
		"Hawaii",
		"Idaho",
		"Illinois",
		"Indiana",
		"Iowa",
		"Kansas",
		"Kentucky",
		"Louisiana",
		"Maine",
		"Maryland",
		"Massachusetts",
		"Michigan",
		"Minnesota",
		"Mississippi",
		"Missouri",
		"Montana",
		"Nebraska",
		"Nevada",
		"New Hampshire",
		"New Jersey",
		"New Mexico",
		"New York",
		"North Carolina",
		"North Dakota",
		"Ohio",
		"Oklahoma",
		"Oregon",
		"Pennsylvania",
		"Rhode Island",
		"South Carolina",
		"South Dakota",
		"Tennessee",
		"Texas",
		"Utah",
		"Vermont",
		"Virginia",
		"Washington",
		"West Virginia",
		"Wisconsin",
		"Wyoming",
		"District of Columbia",
		"American Samoa",
		"Guam",
		"Northern Mariana Islands",
		"Puerto Rico",
		"Virgin Islands",
		"United States Minor Outlying Islands",
		"Armed Forces Europe",
		"Armed Forces Americas",
		"Armed Forces Pacific"
	],
	"Liberia": [
		"Maryland",
		"Bomi",
		"Bong",
		"Grand Basaa",
		"Grand Cape Mount",
		"Grand Gedeh",
		"Grand Kru",
		"Lofa",
		"Margibi",
		"Montserrado",
		"Nimba",
		"Rivercess",
		"Sinoe"
	],
	"Bulgaria": [
		"Montana",
		"Blagoevgrad",
		"Burgas",
		"Dobric",
		"Gabrovo",
		"Haskovo",
		"Jambol",
		"Kardzali",
		"Kjstendil",
		"Lovec",
		"Pazardzik",
		"Pernik",
		"Pleven",
		"Plovdiv",
		"Razgrad",
		"Ruse",
		"Silistra",
		"Sliven",
		"Smoljan",
		"Sofia",
		"Stara Zagora",
		"Sumen",
		"Targoviste",
		"Varna",
		"Veliko Tarnovo",
		"Vidin",
		"Vraca"
	],
	"Canada": [
		"Alberta",
		"British Columbia",
		"Manitoba",
		"New Brunswick",
		"Newfoundland and Labrador",
		"Northwest Territories",
		"Nova Scotia",
		"Nunavut",
		"Ontario",
		"Prince Edward Island",
		"Quebec",
		"Saskatchewan",
		"Yukon Territory"
	],
	"India": [
		"Maharashtra",
		"Karnataka",
		"Andhra Pradesh",
		"Arunachal Pradesh",
		"Assam",
		"Bihar",
		"Chhattisgarh",
		"Goa",
		"Gujarat",
		"Haryana",
		"Himachal Pradesh",
		"Jammu and Kashmir",
		"Jharkhand",
		"Kerala",
		"Madhya Pradesh",
		"Manipur",
		"Meghalaya",
		"Mizoram",
		"Nagaland",
		"Orissa",
		"Punjab",
		"Rajasthan",
		"Sikkim",
		"Tamil Nadu",
		"Tripura",
		"Uttaranchal",
		"Uttar Pradesh",
		"West Bengal",
		"Andaman and Nicobar Islands",
		"Dadra and Nagar Haveli",
		"Daman and Diu",
		"Delhi",
		"Lakshadweep",
		"Pondicherry"
	],
	"Poland": [
		"mazowieckie",
		"pomorskie",
		"dolno\u015bl\u0105skie",
		"kujawsko-pomorskie",
		"lubelskie",
		"lubuskie",
		"\u0142\u00f3dzkie",
		"ma\u0142opolskie",
		"opolskie",
		"podkarpackie",
		"podlaskie",
		"\u015bl\u0105skie",
		"\u015bwi\u0119tokrzyskie",
		"warmi\u0144sko-mazurskie",
		"wielkopolskie",
		"zachodniopomorskie"
	],
	"United Arab Emirates": [
		"Abu Zaby",
		"'Ajman",
		"Al Fujayrah",
		"Ash Shariqah",
		"Dubayy",
		"Ra's al Khaymah",
		"Umm al Qaywayn"
	],
	"Viet Nam": [
		"Dac Lac",
		"An Giang",
		"Ba Ria - Vung Tau",
		"Bac Can",
		"Bac Giang",
		"Bac Lieu",
		"Bac Ninh",
		"Ben Tre",
		"Binh Dinh",
		"Binh Duong",
		"Binh Phuoc",
		"Binh Thuan",
		"Ca Mau",
		"Can Tho",
		"Cao Bang",
		"Da Nang, thanh pho",
		"Dong Nai",
		"Dong Thap",
		"Gia Lai",
		"Ha Giang",
		"Ha Nam",
		"Ha Noi, thu do",
		"Ha Tay",
		"Ha Tinh",
		"Hai Duong",
		"Hai Phong, thanh pho",
		"Hoa Binh",
		"Ho Chi Minh, thanh pho [Sai Gon]",
		"Hung Yen",
		"Khanh Hoa",
		"Kien Giang",
		"Kon Tum",
		"Lai Chau",
		"Lam Dong",
		"Lang Son",
		"Lao Cai",
		"Long An",
		"Nam Dinh",
		"Nghe An",
		"Ninh Binh",
		"Ninh Thuan",
		"Phu Tho",
		"Phu Yen",
		"Quang Binh",
		"Quang Nam",
		"Quang Ngai",
		"Quang Ninh",
		"Quang Tri",
		"Soc Trang",
		"Son La",
		"Tay Ninh",
		"Thai Binh",
		"Thai Nguyen",
		"Thanh Hoa",
		"Thua Thien-Hue",
		"Tien Giang",
		"Tra Vinh",
		"Tuyen Quang",
		"Vinh Long",
		"Vinh Phuc",
		"Yen Bai"
	],
	"Afghanistan": [
		"Badakhshan",
		"Badghis",
		"Baghlan",
		"Balkh",
		"Bamian",
		"Farah",
		"Faryab",
		"Ghazni",
		"Ghowr",
		"Helmand",
		"Herat",
		"Jowzjan",
		"Kabul",
		"Kandahar",
		"Kapisa",
		"Khowst",
		"Konar",
		"Kondoz",
		"Laghman",
		"Lowgar",
		"Nangrahar",
		"Nimruz",
		"Nurestan",
		"Oruzgan",
		"Paktia",
		"Paktika",
		"Parwan",
		"Samangan",
		"Sar-e Pol",
		"Takhar",
		"Wardak",
		"Zabol"
	],
	"Albania": [
		"Berat",
		"Bulqiz\u00eb",
		"Delvin\u00eb",
		"Devoll",
		"Dib\u00ebr",
		"Durrs\u00ebs",
		"Elbasan",
		"Fier",
		"Gramsh",
		"Gjirokast\u00ebr",
		"Has",
		"Kavaj\u00eb",
		"Kolonj\u00eb",
		"Korc\u00eb",
		"Kruj\u00eb",
		"Ku\u00e7ov\u00eb",
		"Kuk\u00ebs",
		"Kurbin",
		"Lezh\u00eb",
		"Librazhd",
		"Lushnj\u00eb",
		"Mal\u00ebsi e Madhe",
		"Mallakast\u00ebr",
		"Mat",
		"Mirdit\u00eb",
		"Peqin",
		"P\u00ebrmet",
		"Pogradec",
		"Puk\u00eb",
		"Sarand\u00eb",
		"Skrapar",
		"Shkod\u00ebr",
		"Tepelen\u00eb",
		"Tiran\u00eb",
		"Tropoj\u00eb",
		"Vlor\u00eb"
	],
	"Armenia": [
		"Erevan",
		"Aragacotn",
		"Ararat",
		"Armavir",
		"Gegarkunik'",
		"Kotayk'",
		"Lory",
		"Sirak",
		"Syunik'",
		"Tavus",
		"Vayoc Jor"
	],
	"Angola": [
		"Bengo",
		"Benguela",
		"Bie",
		"Cabinda",
		"Cuando-Cubango",
		"Cuanza Norte",
		"Cuanza Sul",
		"Cunene",
		"Huambo",
		"Huila",
		"Luanda",
		"Lunda Norte",
		"Lunda Sul",
		"Malange",
		"Moxico",
		"Namibe",
		"Uige",
		"Zaire"
	],
	"Argentina": [
		"Capital federal",
		"Buenos Aires",
		"Catamarca",
		"Cordoba",
		"Corrientes",
		"Chaco",
		"Chubut",
		"Entre Rios",
		"Formosa",
		"Jujuy",
		"La Pampa",
		"Mendoza",
		"Misiones",
		"Neuquen",
		"Rio Negro",
		"Salta",
		"San Juan",
		"San Luis",
		"Santa Cruz",
		"Santa Fe",
		"Santiago del Estero",
		"Tierra del Fuego",
		"Tucuman"
	],
	"Austria": [
		"Burgenland",
		"K\u00e4rnten",
		"Niederosterreich",
		"Oberosterreich",
		"Salzburg",
		"Steiermark",
		"Tirol",
		"Vorarlberg",
		"Wien"
	],
	"Antarctica": [
		"Australian Antarctic Territory"
	],
	"Australia": [
		"Australian Capital Territory",
		"Northern Territory",
		"New South Wales",
		"Queensland",
		"South Australia",
		"Tasmania",
		"Victoria",
		"Western Australia"
	],
	"Azerbaijan": [
		"Naxcivan",
		"Ali Bayramli",
		"Baki",
		"Ganca",
		"Lankaran",
		"Mingacevir",
		"Naftalan",
		"Saki",
		"Sumqayit",
		"Susa",
		"Xankandi",
		"Yevlax",
		"Abseron",
		"Agcabadi",
		"Agdam",
		"Agdas",
		"Agstafa",
		"Agsu",
		"Astara",
		"Babak",
		"Balakan",
		"Barda",
		"Beylagan",
		"Bilasuvar",
		"Cabrayll",
		"Calilabad",
		"Culfa",
		"Daskasan",
		"Davaci",
		"Fuzuli",
		"Gadabay",
		"Goranboy",
		"Goycay",
		"Haciqabul",
		"Imisli",
		"Ismayilli",
		"Kalbacar",
		"Kurdamir",
		"Lacin",
		"Lerik",
		"Masalli",
		"Neftcala",
		"Oguz",
		"Ordubad",
		"Qabala",
		"Qax",
		"Qazax",
		"Qobustan",
		"Quba",
		"Qubadli",
		"Qusar",
		"Saatli",
		"Sabirabad",
		"Sadarak",
		"Sahbuz",
		"Salyan",
		"Samaxi",
		"Samkir",
		"Samux",
		"Sarur",
		"Siyazan",
		"Tartar",
		"Tovuz",
		"Ucar",
		"Xacmaz",
		"Xanlar",
		"Xizi",
		"Xocali",
		"Xocavand",
		"Yardimli",
		"Zangilan",
		"Zaqatala",
		"Zardab"
	],
	"Bosnia and Herzegovina": [
		"Federacija Bosna i Hercegovina",
		"Republika Srpska"
	],
	"Bangladesh": [
		"Bagerhat zila",
		"Bandarban zila",
		"Barguna zila",
		"Barisal zila",
		"Bhola zila",
		"Bogra zila",
		"Brahmanbaria zila",
		"Chandpur zila",
		"Chittagong zila",
		"Chuadanga zila",
		"Comilla zila",
		"Cox's Bazar zila",
		"Dhaka zila",
		"Dinajpur zila",
		"Faridpur zila",
		"Feni zila",
		"Gaibandha zila",
		"Gazipur zila",
		"Gopalganj zila",
		"Habiganj zila",
		"Jaipurhat zila",
		"Jamalpur zila",
		"Jessore zila",
		"Jhalakati zila",
		"Jhenaidah zila",
		"Khagrachari zila",
		"Khulna zila",
		"Kishorganj zila",
		"Kurigram zila",
		"Kushtia zila",
		"Lakshmipur zila",
		"Lalmonirhat zila",
		"Madaripur zila",
		"Magura zila",
		"Manikganj zila",
		"Meherpur zila",
		"Moulvibazar zila",
		"Munshiganj zila",
		"Mymensingh zila",
		"Naogaon zila",
		"Narail zila",
		"Narayanganj zila",
		"Narsingdi zila",
		"Natore zila",
		"Nawabganj zila",
		"Netrakona zila",
		"Nilphamari zila",
		"Noakhali zila",
		"Pabna zila",
		"Panchagarh zila",
		"Patuakhali zila",
		"Pirojpur zila",
		"Rajbari zila",
		"Rajshahi zila",
		"Rangamati zila",
		"Rangpur zila",
		"Satkhira zila",
		"Shariatpur zila",
		"Sherpur zila",
		"Sirajganj zila",
		"Sunamganj zila",
		"Sylhet zila",
		"Tangail zila",
		"Thakurgaon zila"
	],
	"Belgium": [
		"Antwerpen",
		"Brabant Wallon",
		"Hainaut",
		"Liege",
		"Luxembourg",
		"Namur",
		"Oost-Vlaanderen",
		"Vlaams-Brabant",
		"West-Vlaanderen",
		"Brussels"
	],
	"Netherlands": [
		"Limburg",
		"Drente",
		"Flevoland",
		"Friesland",
		"Gelderland",
		"Groningen",
		"Noord-Brabant",
		"Noord-Holland",
		"Overijssel",
		"Utrecht",
		"Zuid-Holland",
		"Zeeland"
	],
	"Burkina Faso": [
		"Bale",
		"Bam",
		"Banwa",
		"Bazega",
		"Bougouriba",
		"Boulgou",
		"Boulkiemde",
		"Comoe",
		"Ganzourgou",
		"Gnagna",
		"Gourma",
		"Houet",
		"Ioba",
		"Kadiogo",
		"Kenedougou",
		"Komondjari",
		"Kompienga",
		"Kossi",
		"Koulpulogo",
		"Kouritenga",
		"Kourweogo",
		"Leraba",
		"Loroum",
		"Mouhoun",
		"Nahouri",
		"Namentenga",
		"Nayala",
		"Noumbiel",
		"Oubritenga",
		"Oudalan",
		"Passore",
		"Poni",
		"Sanguie",
		"Sanmatenga",
		"Seno",
		"Siasili",
		"Soum",
		"Sourou",
		"Tapoa",
		"Tui",
		"Yagha",
		"Yatenga",
		"Ziro",
		"Zondoma",
		"Zoundweogo"
	],
	"Bahrain": [
		"Al Hadd",
		"Al Manamah",
		"Al Mintaqah al Gharbiyah",
		"Al Mintagah al Wusta",
		"Al Mintaqah ash Shamaliyah",
		"Al Muharraq",
		"Ar Rifa",
		"Jidd Hafs",
		"Madluat Jamad",
		"Madluat Isa",
		"Mintaqat Juzur tawar",
		"Sitrah",
		"Al Man\u0101mah (Al \u2018\u0100\u015fimah)",
		"Al Jan\u016bb\u012byah",
		"Al Wus\u0163\u00e1",
		"Ash Sham\u0101l\u012byah"
	],
	"Burundi": [
		"Bubanza",
		"Bujumbura",
		"Bururi",
		"Cankuzo",
		"Cibitoke",
		"Gitega",
		"Karuzi",
		"Kayanza",
		"Makamba",
		"Muramvya",
		"Mwaro",
		"Ngozi",
		"Rutana",
		"Ruyigi"
	],
	"Benin": [
		"Alibori",
		"Atakora",
		"Atlantique",
		"Borgou",
		"Collines",
		"Donga",
		"Kouffo",
		"Littoral",
		"Mono",
		"Oueme",
		"Plateau",
		"Zou"
	],
	"Brunei Darussalam": [
		"Belait",
		"Brunei-Muara",
		"Temburong",
		"Tutong"
	],
	"Bolivia": [
		"Cochabamba",
		"Chuquisaca",
		"El Beni",
		"La Paz",
		"Oruro",
		"Pando",
		"Potosi",
		"Tarija"
	],
	"Brazil": [
		"Acre",
		"Alagoas",
		"Amazonas",
		"Amapa",
		"Bahia",
		"Ceara",
		"Distrito Federal",
		"Espirito Santo",
		"Goias",
		"Maranhao",
		"Minas Gerais",
		"Mato Grosso do Sul",
		"Mato Grosso",
		"Para",
		"Paraiba",
		"Pernambuco",
		"Piaui",
		"Parana",
		"Rio de Janeiro",
		"Rio Grande do Norte",
		"Rondonia",
		"Roraima",
		"Rio Grande do Sul",
		"Santa Catarina",
		"Sergipe",
		"Sao Paulo",
		"Tocantins"
	],
	"Mexico": [
		"Aguascalientes",
		"Baja California",
		"Baja California Sur",
		"Campeche",
		"Ciudad de M\u00e9xico",
		"Coahuila",
		"Colima",
		"Chiapas",
		"Chihuahua",
		"Durango",
		"Guanajuato",
		"Guerrero",
		"Hidalgo",
		"Jalisco",
		"Estado de M\u00e9xico",
		"Michoac\u00e1n",
		"Morelos",
		"Nayarit",
		"Nuevo Le\u00f3n",
		"Oaxaca",
		"Puebla",
		"Quer\u00e9taro",
		"Quintana Roo",
		"San Luis Potos\u00ed",
		"Sinaloa",
		"Sonora",
		"Tabasco",
		"Tamaulipas",
		"Tlaxcala",
		"Veracruz",
		"Yucat\u00e1n",
		"Zacatecas"
	],
	"Bahamas": [
		"Acklins and Crooked Islands",
		"Bimini",
		"Cat Island",
		"Exuma",
		"Freeport",
		"Fresh Creek",
		"Governor's Harbour",
		"Green Turtle Cay",
		"Harbour Island",
		"High Rock",
		"Inagua",
		"Kemps Bay",
		"Long Island",
		"Marsh Harbour",
		"Mayaguana",
		"New Providence",
		"Nicholls Town and Berry Islands",
		"Ragged Island",
		"Rock Sound",
		"Sandy Point",
		"San Salvador and Rum Cay"
	],
	"Bhutan": [
		"Bumthang",
		"Chhukha",
		"Dagana",
		"Gasa",
		"Ha",
		"Lhuentse",
		"Monggar",
		"Paro",
		"Pemagatshel",
		"Punakha",
		"Samdrup Jongkha",
		"Samtee",
		"Sarpang",
		"Thimphu",
		"Trashigang",
		"Trashi Yangtse",
		"Trongsa",
		"Tsirang",
		"Wangdue Phodrang",
		"Zhemgang"
	],
	"Botswana": [
		"Central",
		"Ghanzi",
		"Kgalagadi",
		"Kgatleng",
		"Kweneng",
		"Ngamiland",
		"North-East",
		"North-West",
		"South-East"
	],
	"Hong Kong": [
		"Southern",
		"North",
		"Eastern",
		"Central and Western",
		"Wan Chai",
		"Kowloon City",
		"Kwun Tong",
		"Sham Shui Po",
		"Wong Tai Sin",
		"Yau Tsim Mong",
		"Islands",
		"Kwai Tsing",
		"Sai Kung",
		"Sha Tin",
		"Tai Po",
		"Tsuen Wan",
		"Tuen Mun",
		"Yuen Long"
	],
	"Belarus": [
		"Br\u00e8sckaja voblasc'",
		"Homel'skaja voblasc'",
		"Hrodzenskaja voblasc'",
		"Mahil\u00ebuskaja voblasc'",
		"Minskaja voblasc'",
		"Vicebskaja voblasc'"
	],
	"Belize": [
		"Belize",
		"Cayo",
		"Corozal",
		"Orange Walk",
		"Stann Creek",
		"Toledo"
	],
	"Congo, The Democratic Republic of the": [
		"Kinshasa",
		"Bandundu",
		"Bas-Congo",
		"Equateur",
		"Haut-Congo",
		"Kasai-Occidental",
		"Kasai-Oriental",
		"Katanga",
		"Maniema",
		"Nord-Kivu",
		"Orientale",
		"Sud-Kivu"
	],
	"Central African Republic": [
		"Bangui",
		"Bamingui-Bangoran",
		"Basse-Kotto",
		"Haute-Kotto",
		"Haut-Mbomou",
		"Kemo",
		"Lobaye",
		"Mambere-Kadei",
		"Mbomou",
		"Nana-Grebizi",
		"Nana-Mambere",
		"Ombella-Mpoko",
		"Ouaka",
		"Ouham",
		"Ouham-Pende",
		"Sangha-Mbaere",
		"Vakaga"
	],
	"Congo": [
		"Brazzaville",
		"Bouenza",
		"Cuvette",
		"Cuvette-Ouest",
		"Kouilou",
		"Lekoumou",
		"Likouala",
		"Niari",
		"Plateaux",
		"Pool",
		"Sangha"
	],
	"Switzerland": [
		"Aargau",
		"Appenzell Innerrhoden",
		"Appenzell Ausserrhoden",
		"Bern",
		"Basel-Landschaft",
		"Basel-Stadt",
		"Fribourg",
		"Geneva",
		"Glarus",
		"Graubunden",
		"Luzern",
		"Neuchatel",
		"Nidwalden",
		"Obwalden",
		"Sankt Gallen",
		"Schaffhausen",
		"Solothurn",
		"Schwyz",
		"Thurgau",
		"Ticino",
		"Uri",
		"Vaud",
		"Valais",
		"Zug",
		"Zurich"
	],
	"France": [
		"Auvergne-Rhône-Alpes",
		"Bourgogne-Franche-Comté",
		"Bretagne",
		"Centre-Val de Loire",
		"Corse",
		"Grand Est",
		"Hauts-de-France",
		"Île-de-France",
		"Normandie",
		"Nouvelle-Aquitaine",
		"Occitanie",
		"Pays de la Loire",
		"Provence-Alpes-Côte d'Azur",
		"Jura",
		"Ain",
		"Aisne",
		"Allier",
		"Alpes-de-Haute-Provence",
		"Alpes-Maritimes",
		"Ard\u00e8che",
		"Ardennes",
		"Ari\u00e8ge",
		"Aube",
		"Aude",
		"Aveyron",
		"Bas-Rhin",
		"Bouches-du-Rh\u00f4ne",
		"Calvados",
		"Cantal",
		"Charente",
		"Charente-Maritime",
		"Cher",
		"Corr\u00e8ze",
		"Corse-du-Sud",
		"C\u00f4te-d'Or",
		"C\u00f4tes-d'Armor",
		"Creuse",
		"Deux-S\u00e8vres",
		"Dordogne",
		"Doubs",
		"Dr\u00f4me",
		"Essonne",
		"Eure",
		"Eure-et-Loir",
		"Finist\u00e8re",
		"Gard",
		"Gers",
		"Gironde",
		"Haut-Rhin",
		"Haute-Corse",
		"Haute-Garonne",
		"Haute-Loire",
		"Haute-Sa\u00f4ne",
		"Haute-Savoie",
		"Haute-Vienne",
		"Hautes-Alpes",
		"Hautes-Pyr\u00e9n\u00e9es",
		"Hauts-de-Seine",
		"H\u00e9rault",
		"Indre",
		"Ille-et-Vilaine",
		"Indre-et-Loire",
		"Is\u00e8re",
		"Landes",
		"Loir-et-Cher",
		"Loire",
		"Loire-Atlantique",
		"Loiret",
		"Lot",
		"Lot-et-Garonne",
		"Loz\u00e8re",
		"Maine-et-Loire",
		"Manche",
		"Marne",
		"Mayenne",
		"Meurthe-et-Moselle",
		"Meuse",
		"Morbihan",
		"Moselle",
		"Ni\u00e8vre",
		"Oise",
		"Orne",
		"Paris",
		"Pas-de-Calais",
		"Puy-de-D\u00f4me",
		"Pyr\u00e9n\u00e9es-Atlantiques",
		"Pyr\u00e9n\u00e9es-Orientales",
		"R\u00e9union",
		"Rh\u00f4ne",
		"Sa\u00f4ne-et-Loire",
		"Sarthe",
		"Savoie",
		"Seine-et-Marne",
		"Seine-Maritime",
		"Seine-Saint-Denis",
		"Somme",
		"Tarn",
		"Tarn-et-Garonne",
		"Val d'Oise",
		"Territoire de Belfort",
		"Val-de-Marne",
		"Var",
		"Vaucluse",
		"Vend\u00e9e",
		"Vienne",
		"Vosges",
		"Yonne",
		"Yvelines"
	],
	"C\u00f4te d'Ivoire": [
		"18 Montagnes",
		"Agnebi",
		"Bas-Sassandra",
		"Denguele",
		"Haut-Sassandra",
		"Lacs",
		"Lagunes",
		"Marahoue",
		"Moyen-Comoe",
		"Nzi-Comoe",
		"Savanes",
		"Sud-Bandama",
		"Sud-Comoe",
		"Vallee du Bandama",
		"Worodouqou",
		"Zanzan"
	],
	"Chile": [
		"Aisen del General Carlos Ibanez del Campo",
		"Antofagasta",
		"Araucania",
		"Atacama",
		"Bio-Bio",
		"Coquimbo",
		"Libertador General Bernardo O'Higgins",
		"Los Lagos",
		"Magallanes",
		"Maule",
		"Region Metropolitana de Santiago",
		"Tarapaca",
		"Valparaiso"
	],
	"Cameroon": [
		"Adamaoua",
		"East",
		"Far North",
		"South",
		"South-West",
		"West"
	],
	"Haiti": [
		"Centre",
		"Nord",
		"Grande-Anse",
		"Nord-Est",
		"Nord-Ouest",
		"Ouest",
		"Sud",
		"Sud-Est",
		"Artibonite",
		"Nippes"
	],
	"China": [
		"Beijing",
		"Chongqing",
		"Shanghai",
		"Tianjin",
		"Anhui",
		"Fujian",
		"Gansu",
		"Guangdong",
		"Guizhou",
		"Hainan",
		"Hebei",
		"Heilongjiang",
		"Henan",
		"Hubei",
		"Hunan",
		"Jiangsu",
		"Jiangxi",
		"Jilin",
		"Liaoning",
		"Qinghai",
		"Shaanxi",
		"Shandong",
		"Shanxi",
		"Sichuan",
		"Taiwan",
		"Yunnan",
		"Zhejiang",
		"Guangxi",
		"Neia Mongol (mn)",
		"Xinjiang",
		"Xizang",
		"Hong Kong",
		"Macau"
	],
	"Colombia": [
		"Distrito Capital de Bogot\u00e1",
		"Amazonea",
		"Antioquia",
		"Arauca",
		"Atl\u00e1ntico",
		"Bol\u00edvar",
		"Boyac\u00e1",
		"Caldea",
		"Caquet\u00e1",
		"Casanare",
		"Cauca",
		"Cesar",
		"C\u00f3rdoba",
		"Cundinamarca",
		"Choc\u00f3",
		"Guain\u00eda",
		"Guaviare",
		"La Guajira",
		"Magdalena",
		"Meta",
		"Nari\u00f1o",
		"Norte de Santander",
		"Putumayo",
		"Quindio",
		"Risaralda",
		"San Andr\u00e9s, Providencia y Santa Catalina",
		"Santander",
		"Sucre",
		"Tolima",
		"Valle del Cauca",
		"Vaup\u00e9s",
		"Vichada"
	],
	"Costa Rica": [
		"Alajuela",
		"Cartago",
		"Guanacaste",
		"Heredia",
		"Limon",
		"Puntarenas",
		"San Jose"
	],
	"Cuba": [
		"Camagey",
		"Ciego de `vila",
		"Cienfuegos",
		"Ciudad de La Habana",
		"Granma",
		"Guantanamo",
		"Holquin",
		"La Habana",
		"Las Tunas",
		"Matanzas",
		"Pinar del Rio",
		"Sancti Spiritus",
		"Santiago de Cuba",
		"Villa Clara",
		"Isla de la Juventud",
		"Pinar del Roo",
		"Ciego de Avila",
		"Camagoey",
		"Holgun",
		"Sancti Spritus",
		"Municipio Especial Isla de la Juventud"
	],
	"Cape Verde": [
		"Boa Vista",
		"Brava",
		"Calheta de Sao Miguel",
		"Fogo",
		"Maio",
		"Mosteiros",
		"Paul",
		"Porto Novo",
		"Praia",
		"Ribeira Grande",
		"Sal",
		"Sao Domingos",
		"Sao Filipe",
		"Sao Nicolau",
		"Sao Vicente",
		"Tarrafal"
	],
	"Cyprus": [
		"Ammochostos Magusa",
		"Keryneia",
		"Larnaka",
		"Lefkosia",
		"Lemesos",
		"Pafos"
	],
	"Czech Republic": [
		"Jiho\u010desk\u00fd kraj",
		"Jihomoravsk\u00fd kraj",
		"Karlovarsk\u00fd kraj",
		"Kr\u00e1lov\u00e9hradeck\u00fd kraj",
		"Libereck\u00fd kraj",
		"Moravskoslezsk\u00fd kraj",
		"Olomouck\u00fd kraj",
		"Pardubick\u00fd kraj",
		"Plze\u0148sk\u00fd kraj",
		"Praha, hlavn\u00ed m\u011bsto",
		"St\u0159edo\u010desk\u00fd kraj",
		"\u00dasteck\u00fd kraj",
		"Vyso\u010dina",
		"Zl\u00ednsk\u00fd kraj"
	],
	"Germany": [
		"Baden-Wuerttemberg",
		"Bayern",
		"Bremen",
		"Hamburg",
		"Hessen",
		"Niedersachsen",
		"Nordrhein-Westfalen",
		"Rheinland-Pfalz",
		"Saarland",
		"Schleswig-Holstein",
		"Berlin",
		"Brandenburg",
		"Mecklenburg-Vorpommern",
		"Sachsen",
		"Sachsen-Anhalt",
		"Thueringen"
	],
	"Djibouti": [
		"Ali Sabiah",
		"Dikhil",
		"Djibouti",
		"Obock",
		"Tadjoura"
	],
	"Denmark": [
		"Frederiksberg",
		"Copenhagen City",
		"Copenhagen",
		"Frederiksborg",
		"Roskilde",
		"Vestsj\u00e6lland",
		"Storstr\u00f8m",
		"Bornholm",
		"Fyn",
		"South Jutland",
		"Ribe",
		"Vejle",
		"Ringkj\u00f8bing",
		"\u00c5rhus",
		"Viborg",
		"North Jutland"
	],
	"Dominican Republic": [
		"Distrito Nacional (Santo Domingo)",
		"Azua",
		"Bahoruco",
		"Barahona",
		"Dajab\u00f3n",
		"Duarte",
		"El Seybo [El Seibo]",
		"Espaillat",
		"Hato Mayor",
		"Independencia",
		"La Altagracia",
		"La Estrelleta [Elias Pina]",
		"La Romana",
		"La Vega",
		"Maroia Trinidad S\u00e1nchez",
		"Monse\u00f1or Nouel",
		"Monte Cristi",
		"Monte Plata",
		"Pedernales",
		"Peravia",
		"Puerto Plata",
		"Salcedo",
		"Saman\u00e1",
		"San Crist\u00f3bal",
		"San Pedro de Macor\u00eds",
		"S\u00e1nchez Ram\u00edrez",
		"Santiago",
		"Santiago Rodr\u00edguez",
		"Valverde"
	],
	"Algeria": [
		"Adrar",
		"Ain Defla",
		"Ain Tmouchent",
		"Alger",
		"Annaba",
		"Batna",
		"Bechar",
		"Bejaia",
		"Biskra",
		"Blida",
		"Bordj Bou Arreridj",
		"Bouira",
		"Boumerdes",
		"Chlef",
		"Constantine",
		"Djelfa",
		"El Bayadh",
		"El Oued",
		"El Tarf",
		"Ghardaia",
		"Guelma",
		"Illizi",
		"Jijel",
		"Khenchela",
		"Laghouat",
		"Mascara",
		"Medea",
		"Mila",
		"Mostaganem",
		"Msila",
		"Naama",
		"Oran",
		"Ouargla",
		"Oum el Bouaghi",
		"Relizane",
		"Saida",
		"Setif",
		"Sidi Bel Abbes",
		"Skikda",
		"Souk Ahras",
		"Tamanghasset",
		"Tebessa",
		"Tiaret",
		"Tindouf",
		"Tipaza",
		"Tissemsilt",
		"Tizi Ouzou",
		"Tlemcen"
	],
	"Ecuador": [
		"Azuay",
		"Bolivar",
		"Canar",
		"Carchi",
		"Cotopaxi",
		"Chimborazo",
		"El Oro",
		"Esmeraldas",
		"Galapagos",
		"Guayas",
		"Imbabura",
		"Loja",
		"Los Rios",
		"Manabi",
		"Morona-Santiago",
		"Napo",
		"Orellana",
		"Pastaza",
		"Pichincha",
		"Sucumbios",
		"Tungurahua",
		"Zamora-Chinchipe"
	],
	"Estonia": [
		"Harjumsa",
		"Hitumea",
		"Ida-Virumsa",
		"Jogevamsa",
		"Jarvamsa",
		"Lasnemsa",
		"Laane-Virumaa",
		"Polvamea",
		"Parnumsa",
		"Raplamsa",
		"Saaremsa",
		"Tartumsa",
		"Valgamaa",
		"Viljandimsa",
		"Vorumaa"
	],
	"Egypt": [
		"Ad Daqahllyah",
		"Al Bahr al Ahmar",
		"Al Buhayrah",
		"Al Fayym",
		"Al Gharbiyah",
		"Al Iskandarlyah",
		"Al Isma illyah",
		"Al Jizah",
		"Al Minuflyah",
		"Al Minya",
		"Al Qahirah",
		"Al Qalyublyah",
		"Al Wadi al Jadid",
		"Ash Sharqiyah",
		"As Suways",
		"Aswan",
		"Asyut",
		"Bani Suwayf",
		"Bur Sa'id",
		"Dumyat",
		"Janub Sina'",
		"Kafr ash Shaykh",
		"Matruh",
		"Qina",
		"Shamal Sina'",
		"Suhaj"
	],
	"Eritrea": [
		"Anseba",
		"Debub",
		"Debubawi Keyih Bahri [Debub-Keih-Bahri]",
		"Gash-Barka",
		"Maakel [Maekel]",
		"Semenawi Keyih Bahri [Semien-Keih-Bahri]"
    ],
	"Spain": [
		"\u00c1lava",
		"Albacete",
		"Alicante",
		"Almer\u00eda",
		"Asturias",
		"\u00c1vila",
		"Badajoz",
		"Baleares",
		"Barcelona",
		"Burgos",
		"C\u00e1ceres",
		"C\u00e1diz",
		"Cantabria",
		"Castell\u00f3n",
		"Ciudad Real",
		"Cuenca",
		"Cord\u00f3ba",
		"Girona [Gerona]",
		"Granada",
		"Guadalajara",
		"Guip\u00fazcoa",
		"Huelva",
		"Huesca",
		"Ja\u00e9n",
		"La Coru\u00f1a",
		"La Rioja",
		"Las Palmas",
		"Le\u00f3n",
		"Lleida [L\u00e9rida]",
		"Lugo",
		"Madrid",
		"M\u00e1laga",
		"Marbella",
		"Murcia",
		"Navarra",
		"Ourense",
		"Palencia",
		"Pontevedra",
		"Salamanca",
		"Santa Cruz de Tenerife",
		"Segovia",
		"Sevilla",
		"Soria",
		"Tarragona",
		"Teruel",
		"Valencia",
		"Valladolid",
		"Vizcaya",
		"Zamora",
		"Zaragoza",
		"Ceuta",
		"Melilla"
	],
	"Ethiopia": [
		"Addis Ababa",
		"Dire Dawa",
		"Afar",
		"Amara",
		"Benshangul-Gumaz",
		"Gambela Peoples",
		"Harari People",
		"Oromia",
		"Somali",
		"Southern Nations, Nationalities and Peoples",
		"Tigrai"
	],
	"Fiji": [
		"Northern",
		"Western",
		"Rotuma"
	],
	"Micronesia, Federated States of": [
		"Chuuk",
		"Kosrae",
		"Pohnpei",
		"Yap"
	],
	"Ghana": [
		"Ashanti",
		"Brong-Ahafo",
		"Greater Accra",
		"Upper East",
		"Upper West",
		"Volta"
	],
	"United Kingdom": [
		"Aberdeen City",
		"Aberdeenshire",
		"Angus",
		"Co Antrim",
		"Argyll and Bute",
		"Co Armagh",
		"Bedfordshire",
		"Gwent",
		"Bristol, City of",
		"Buckinghamshire",
		"Cambridgeshire",
		"Cheshire",
		"Clackmannanshire",
		"Cornwall",
		"Cumbria",
		"Derbyshire",
		"Co Londonderry",
		"Devon",
		"Dorset",
		"Co Down",
		"Dumfries and Galloway",
		"Dundee City",
		"County Durham",
		"East Ayrshire",
		"East Dunbartonshire",
		"East Lothian",
		"East Renfrewshire",
		"East Riding of Yorkshire",
		"East Sussex",
		"Edinburgh, City of",
		"Na h-Eileanan Siar",
		"Essex",
		"Falkirk",
		"Co Fermanagh",
		"Fife",
		"Glasgow City",
		"Gloucestershire",
		"Gwynedd",
		"Hampshire",
		"Herefordshire",
		"Hertfordshire",
		"Highland",
		"Inverclyde",
		"Isle of Wight",
		"Kent",
		"Lancashire",
		"Leicestershire",
		"Lincolnshire",
		"Midlothian",
		"Moray",
		"Norfolk",
		"North Ayrshire",
		"North Lanarkshire",
		"North Yorkshire",
		"Northamptonshire",
		"Northumberland",
		"Nottinghamshire",
		"Oldham",
		"Omagh",
		"Orkney Islands",
		"Oxfordshire",
		"Perth and Kinross",
		"Powys",
		"Renfrewshire",
		"Rutland",
		"Scottish Borders",
		"Shetland Islands",
		"Shropshire",
		"Somerset",
		"South Ayrshire",
		"South Gloucestershire",
		"South Lanarkshire",
		"Staffordshire",
		"Stirling",
		"Suffolk",
		"Surrey",
		"Mid Glamorgan",
		"Warwickshire",
		"West Dunbartonshire",
		"West Lothian",
		"West Sussex",
		"Wiltshire",
		"Worcestershire",
		"Tyne and Wear",
		"Greater Manchester",
		"Co Tyrone",
		"West Yorkshire",
		"South Yorkshire",
		"Merseyside",
		"Berkshire",
		"West Midlands",
		"West Glamorgan",
		"Greater London",
		"Clwyd",
		"Dyfed",
		"South Glamorgan"
	],
	"Gambia": [
		"Banjul",
		"Lower River",
		"MacCarthy Island",
		"North Bank",
		"Upper River"
	],
	"Guinea": [
		"Beyla",
		"Boffa",
		"Boke",
		"Coyah",
		"Dabola",
		"Dalaba",
		"Dinguiraye",
		"Dubreka",
		"Faranah",
		"Forecariah",
		"Fria",
		"Gaoual",
		"Guekedou",
		"Kankan",
		"Kerouane",
		"Kindia",
		"Kissidougou",
		"Koubia",
		"Koundara",
		"Kouroussa",
		"Labe",
		"Lelouma",
		"Lola",
		"Macenta",
		"Mali",
		"Mamou",
		"Mandiana",
		"Nzerekore",
		"Pita",
		"Siguiri",
		"Telimele",
		"Tougue",
		"Yomou"
	],
	"Equatorial Guinea": [
		"Region Continental",
		"Region Insular",
		"Annobon",
		"Bioko Norte",
		"Bioko Sur",
		"Centro Sur",
		"Kie-Ntem",
		"Litoral",
		"Wele-Nzas"
	],
	"Greece": [
		"Acha\u00efa",
		"Aitolia-Akarnania",
		"Argolis",
		"Arkadia",
		"Arta",
		"Attiki",
		"Chalkidiki",
		"Chania",
		"Chios",
		"Dodekanisos",
		"Drama",
		"Evros",
		"Evrytania",
		"Evvoia",
		"Florina",
		"Fokis",
		"Fthiotis",
		"Grevena",
		"Ileia",
		"Imathia",
		"Ioannina",
		"Irakleion",
		"Karditsa",
		"Kastoria",
		"Kavalla",
		"Kefallinia",
		"Kerkyra",
		"Kilkis",
		"Korinthia",
		"Kozani",
		"Kyklades",
		"Lakonia",
		"Larisa",
		"Lasithion",
		"Lefkas",
		"Lesvos",
		"Magnisia",
		"Messinia",
		"Pella",
		"Preveza",
		"Rethymnon",
		"Rodopi",
		"Samos",
		"Serrai",
		"Thesprotia",
		"Thessaloniki",
		"Trikala",
		"Voiotia",
		"Xanthi",
		"Zakynthos",
		"Agio Oros"
	],
	"Guatemala": [
		"Alta Verapez",
		"Baja Verapez",
		"Chimaltenango",
		"Chiquimula",
		"El Progreso",
		"Escuintla",
		"Guatemala",
		"Huehuetenango",
		"Izabal",
		"Jalapa",
		"Jutiapa",
		"Peten",
		"Quetzaltenango",
		"Quiche",
		"Reta.thuleu",
		"Sacatepequez",
		"San Marcos",
		"Santa Rosa",
		"Solol6",
		"Suchitepequez",
		"Totonicapan",
		"Zacapa"
	],
	"Guinea-Bissau": [
		"Bissau",
		"Bafata",
		"Biombo",
		"Bolama",
		"Cacheu",
		"Gabu",
		"Oio",
		"Quloara",
		"Tombali S"
	],
	"Guyana": [
		"Barima-Waini",
		"Cuyuni-Mazaruni",
		"Demerara-Mahaica",
		"East Berbice-Corentyne",
		"Essequibo Islands-West Demerara",
		"Mahaica-Berbice",
		"Pomeroon-Supenaam",
		"Potaro-Siparuni",
		"Upper Demerara-Berbice",
		"Upper Takutu-Upper Essequibo"
	],
	"Honduras": [
		"Atlantida",
		"Colon",
		"Comayagua",
		"Copan",
		"Cortes",
		"Choluteca",
		"El Paraiso",
		"Francisco Morazan",
		"Gracias a Dios",
		"Intibuca",
		"Islas de la Bahia",
		"Lempira",
		"Ocotepeque",
		"Olancho",
		"Santa Barbara",
		"Valle",
		"Yoro"
	],
	"Croatia": [
		"Bjelovarsko-bilogorska zupanija",
		"Brodsko-posavska zupanija",
		"Dubrovacko-neretvanska zupanija",
		"Istarska zupanija",
		"Karlovacka zupanija",
		"Koprivnickco-krizevacka zupanija",
		"Krapinako-zagorska zupanija",
		"Licko-senjska zupanija",
		"Medimurska zupanija",
		"Osjecko-baranjska zupanija",
		"Pozesko-slavonska zupanija",
		"Primorsko-goranska zupanija",
		"Sisacko-moelavacka Iupanija",
		"Splitako-dalmatinska zupanija",
		"Sibenako-kninska zupanija",
		"Varaidinska zupanija",
		"VirovitiEko-podravska zupanija",
		"VuRovarako-srijemska zupanija",
		"Zadaraka",
		"Zagrebacka zupanija"
	],
	"Hungary": [
		"Budapest",
		"B\u00e1cs-Kiskun",
		"Baranya",
		"B\u00e9k\u00e9s",
		"Borsod-Aba\u00faj-Zempl\u00e9n",
		"Csongr\u00e1d",
		"Fej\u00e9r",
		"Gy\u0151r-Moson-Sopron",
		"Hajdu-Bihar",
		"Heves",
		"J\u00e1sz-Nagykun-Szolnok",
		"Kom\u00e1rom-Esztergom",
		"Nogr\u00e1d",
		"Pest",
		"Somogy",
		"Szabolcs-Szatm\u00e1r-Bereg",
		"Tolna",
		"Vas",
		"Veszpr\u00e9m",
		"Zala",
		"B\u00e9k\u00e9scsaba",
		"Debrecen",
		"Duna\u00fajv\u00e1ros",
		"Eger",
		"Gy\u0151r",
		"H\u00f3dmez\u0151v\u00e1s\u00e1rhely",
		"Kaposv\u00e1r",
		"Kecskem\u00e9t",
		"Miskolc",
		"Nagykanizsa",
		"Nyiregyh\u00e1za",
		"P\u00e9cs",
		"Salg\u00f3tarj\u00e1n",
		"Sopron",
		"Szeged",
		"Sz\u00e9kesfeh\u00e9rv\u00e1r",
		"Szeksz\u00e1rd",
		"Szolnok",
		"Szombathely",
		"Tatab\u00e1nya",
		"Zalaegerszeg"
	],
	"Indonesia": [
		"Bali",
		"Bangka Belitung",
		"Banten",
		"Bengkulu",
		"Gorontalo",
		"Irian Jaya",
		"Jambi",
		"Jawa Barat",
		"Jawa Tengah",
		"Jawa Timur",
		"Kalimantan Barat",
		"Kalimantan Timur",
		"Kalimantan Selatan",
		"Kepulauan Riau",
		"Lampung",
		"Maluku",
		"Maluku Utara",
		"Nusa Tenggara Barat",
		"Nusa Tenggara Timur",
		"Papua",
		"Riau",
		"Sulawesi Selatan",
		"Sulawesi Tengah",
		"Sulawesi Tenggara",
		"Sulawesi Utara",
		"Sumatra Barat",
		"Sumatra Selatan",
		"Sumatera Utara",
		"Jakarta Raya",
		"Aceh",
		"Yogyakarta"
	],
	"Ireland": [
		"Cork",
		"Clare",
		"Cavan",
		"Carlow",
		"Dublin",
		"Donegal",
		"Galway",
		"Kildare",
		"Kilkenny",
		"Kerry",
		"Longford",
		"Louth",
		"Limerick",
		"Leitrim",
		"Laois",
		"Meath",
		"Monaghan",
		"Mayo",
		"Offaly",
		"Roscommon",
		"Sligo",
		"Tipperary",
		"Waterford",
		"Westmeath",
		"Wicklow",
		"Wexford"
	],
	"Israel": [
		"HaDarom",
		"HaMerkaz",
		"HaZafon",
		"Haifa",
		"Tel-Aviv"
	],
	"Palestinian Territory, Occupied": [
		"Jerusalem",
		"Gaza",
		"Jenin",
		"Tubas",
		"Tulkarm",
		"Nablus",
		"Qalqilya",
		"Salfit",
		"Ramallah and Al-Bireh",
		"Jericho",
		"Bethlehem",
		"Hebron",
		"North Gaza",
		"Deir el-Balah",
		"Khan Yunis",
		"Rafah"
	],
	"Iraq": [
		"Al Anbar",
		"Al Ba, rah",
		"Al Muthanna",
		"Al Qadisiyah",
		"An Najef",
		"Arbil",
		"As Sulaymaniyah",
		"At Ta'mim",
		"Babil",
		"Baghdad",
		"Dahuk",
		"Dhi Qar",
		"Diyala",
		"Karbala'",
		"Maysan",
		"Ninawa",
		"Salah ad Din",
		"Wasit"
	],
	"Iran, Islamic Republic of": [
		"Ardabil",
		"Azarbayjan-e Gharbi",
		"Azarbayjan-e Sharqi",
		"Bushehr",
		"Chahar Mahall va Bakhtiari",
		"Esfahan",
		"Fars",
		"Gilan",
		"Golestan",
		"Hamadan",
		"Hormozgan",
		"Iiam",
		"Kerman",
		"Kermanshah",
		"Khorasan",
		"Khuzestan",
		"Kohjiluyeh va Buyer Ahmad",
		"Kordestan",
		"Lorestan",
		"Markazi",
		"Mazandaran",
		"Qazvin",
		"Qom",
		"Semnan",
		"Sistan va Baluchestan",
		"Tehran",
		"Yazd",
		"Zanjan"
	],
	"Iceland": [
		"Austurland",
		"Hofuoborgarsvaeoi utan Reykjavikur",
		"Norourland eystra",
		"Norourland vestra",
		"Reykjavik",
		"Suourland",
		"Suournes",
		"Vestfirolr",
		"Vesturland"
	],
	"Italy": [
		"Agrigento",
		"Alessandria",
		"Ancona",
		"Aosta",
		"Arezzo",
		"Ascoli Piceno",
		"Asti",
		"Avellino",
		"Bari",
		"Belluno",
		"Benevento",
		"Bergamo",
		"Biella",
		"Bologna",
		"Bolzano",
		"Brescia",
		"Brindisi",
		"Cagliari",
		"Caltanissetta",
		"Campobasso",
		"Caserta",
		"Catania",
		"Catanzaro",
		"Chieti",
		"Como",
		"Cosenza",
		"Cremona",
		"Crotone",
		"Cuneo",
		"Enna",
		"Ferrara",
		"Firenze",
		"Foggia",
		"Forl\u00ec-Cesena",
		"Frosinone",
		"Genova",
		"Gorizia",
		"Grosseto",
		"Imperia",
		"Isernia",
		"L'Aquila",
		"La Spezia",
		"Latina",
		"Lecce",
		"Lecco",
		"Livorno",
		"Lodi",
		"Lucca",
		"Macerata",
		"Mantova",
		"Massa-Carrara",
		"Matera",
		"Messina",
		"Milano",
		"Modena",
		"Napoli",
		"Novara",
		"Nuoro",
		"Oristano",
		"Padova",
		"Palermo",
		"Parma",
		"Pavia",
		"Perugia",
		"Pesaro e Urbino",
		"Pescara",
		"Piacenza",
		"Pisa",
		"Pistoia",
		"Pordenone",
		"Potenza",
		"Prato",
		"Ragusa",
		"Ravenna",
		"Reggio Calabria",
		"Reggio Emilia",
		"Rieti",
		"Rimini",
		"Roma",
		"Rovigo",
		"Salerno",
		"Sassari",
		"Savona",
		"Siena",
		"Siracusa",
		"Sondrio",
		"Taranto",
		"Teramo",
		"Terni",
		"Torino",
		"Trapani",
		"Trento",
		"Treviso",
		"Trieste",
		"Udine",
		"Varese",
		"Venezia",
		"Verbano-Cusio-Ossola",
		"Vercelli",
		"Verona",
		"Vibo Valentia",
		"Vicenza",
		"Viterbo",
		"Carbonia-Iglesias",
		"Olbia-Tempio",
		"Medio Campidano",
		"Ogliastra",
		"Barletta-Andria-Trani",
		"Fermo",
		"Monza e Brianza"
	],
	"Japan": [
		"Aichi",
		"Akita",
		"Aomori",
		"Chiba",
		"Ehime",
		"Fukui",
		"Fukuoka",
		"Fukusima",
		"Gifu",
		"Gunma",
		"Hiroshima",
		"Hokkaido",
		"Hyogo",
		"Ibaraki",
		"Ishikawa",
		"Iwate",
		"Kagawa",
		"Kagoshima",
		"Kanagawa",
		"Kochi",
		"Kumamoto",
		"Kyoto",
		"Mie",
		"Miyagi",
		"Miyazaki",
		"Nagano",
		"Nagasaki",
		"Nara",
		"Niigata",
		"Oita",
		"Okayama",
		"Okinawa",
		"Osaka",
		"Saga",
		"Saitama",
		"Shiga",
		"Shimane",
		"Shizuoka",
		"Tochigi",
		"Tokushima",
		"Tokyo",
		"Tottori",
		"Toyama",
		"Wakayama",
		"Yamagata",
		"Yamaguchi",
		"Yamanashi"
	],
	"Jamaica": [
		"Clarendon",
		"Hanover",
		"Kingston",
		"Portland",
		"Saint Andrew",
		"Saint Ann",
		"Saint Catherine",
		"Saint Elizabeth",
		"Saint James",
		"Saint Mary",
		"Saint Thomas",
		"Trelawny",
		"Westmoreland",
		"Manchester"
	],
	"Jordan": [
		"Ajln",
		"Al 'Aqaba",
		"Al Balqa'",
		"Al Karak",
		"Al Mafraq",
		"Amman",
		"At Tafilah",
		"Az Zarga",
		"Irbid",
		"Jarash",
		"Ma'an",
		"Madaba"
	],
	"Kenya": [
		"Nairobi Municipality",
		"Coast",
		"North-Eastern Kaskazini Mashariki",
		"Rift Valley",
		"Western Magharibi"
	],
	"Kyrgyzstan": [
		"Bishkek",
		"Batken",
		"Chu",
		"Jalal-Abad",
		"Naryn",
		"Osh",
		"Talas",
		"Ysyk-Kol"
	],
	"Cambodia": [
		"Krong Kaeb",
		"Krong Pailin",
		"Xrong Preah Sihanouk",
		"Phnom Penh",
		"Baat Dambang",
		"Banteay Mean Chey",
		"Rampong Chaam",
		"Kampong Chhnang",
		"Kampong Spueu",
		"Kampong Thum",
		"Kampot",
		"Kandaal",
		"Kach Kong",
		"Krachoh",
		"Mondol Kiri",
		"Otdar Mean Chey",
		"Pousaat",
		"Preah Vihear",
		"Prey Veaeng",
		"Rotanak Kiri",
		"Siem Reab",
		"Stueng Traeng",
		"Svaay Rieng",
		"Taakaev"
	],
	"Kiribati": [
		"Gilbert Islands",
		"Line Islands",
		"Phoenix Islands"
	],
	"Comoros": [
		"Anjouan Ndzouani",
		"Grande Comore Ngazidja",
		"Moheli Moili"
	],
	"Korea, Democratic People's Republic of": [
		"Kaesong-si",
		"Nampo-si",
		"Pyongyang-ai",
		"Chagang-do",
		"Hamgyongbuk-do",
		"Hamgyongnam-do",
		"Hwanghaebuk-do",
		"Hwanghaenam-do",
		"Kangwon-do",
		"Pyonganbuk-do",
		"Pyongannam-do",
		"Yanggang-do",
		"Najin Sonbong-si"
	],
	"Korea, Republic of": [
		"Seoul Teugbyeolsi",
		"Busan Gwang'yeogsi",
		"Daegu Gwang'yeogsi",
		"Daejeon Gwang'yeogsi",
		"Gwangju Gwang'yeogsi",
		"Incheon Gwang'yeogsi",
		"Ulsan Gwang'yeogsi",
		"Chungcheongbugdo",
		"Chungcheongnamdo",
		"Gang'weondo",
		"Gyeonggido",
		"Gyeongsangbugdo",
		"Gyeongsangnamdo",
		"Jejudo",
		"Jeonrabugdo",
		"Jeonranamdo"
	],
	"Kuwait": [
		"Al Ahmadi",
		"Al Farwanlyah",
		"Al Jahrah",
		"Al Kuwayt",
		"Hawalli"
	],
	"Kazakhstan": [
		"Almaty",
		"Astana",
		"Almaty oblysy",
		"Aqmola oblysy",
		"Aqtobe oblysy",
		"Atyrau oblyfiy",
		"Batys Quzaqstan oblysy",
		"Mangghystau oblysy",
		"Ongtustik Quzaqstan oblysy",
		"Pavlodar oblysy",
		"Qaraghandy oblysy",
		"Qostanay oblysy",
		"Qyzylorda oblysy",
		"Shyghys Quzaqstan oblysy",
		"Soltustik Quzaqstan oblysy",
		"Zhambyl oblysy Zhambylskaya oblast'"
	],
	"Lao People's Democratic Republic": [
		"Vientiane",
		"Attapu",
		"Bokeo",
		"Bolikhamxai",
		"Champasak",
		"Houaphan",
		"Khammouan",
		"Louang Namtha",
		"Louangphabang",
		"Oudomxai",
		"Phongsali",
		"Salavan",
		"Savannakhet",
		"Xaignabouli",
		"Xiasomboun",
		"Xekong",
		"Xiangkhoang"
	],
	"Lebanon": [
		"Beirout",
		"El Begsa",
		"Jabal Loubnane",
		"Loubnane ech Chemali",
		"Loubnane ej Jnoubi",
		"Nabatiye"
	],
	"Sri Lanka": [
		"Ampara",
		"Anuradhapura",
		"Badulla",
		"Batticaloa",
		"Colombo",
		"Galle",
		"Gampaha",
		"Hambantota",
		"Jaffna",
		"Kalutara",
		"Kandy",
		"Kegalla",
		"Kilinochchi",
		"Kurunegala",
		"Mannar",
		"Matale",
		"Matara",
		"Monaragala",
		"Mullaittivu",
		"Nuwara Eliya",
		"Polonnaruwa",
		"Puttalum",
		"Ratnapura",
		"Trincomalee",
		"VavunLya"
	],
	"Lesotho": [
		"Berea",
		"Butha-Buthe",
		"Leribe",
		"Mafeteng",
		"Maseru",
		"Mohale's Hoek",
		"Mokhotlong",
		"Qacha's Nek",
		"Quthing",
		"Thaba-Tseka"
	],
	"Lithuania": [
		"Alytaus Apskritis",
		"Kauno Apskritis",
		"Klaipedos Apskritis",
		"Marijampoles Apskritis",
		"Panevezio Apskritis",
		"Sisuliu Apskritis",
		"Taurages Apskritis",
		"Telsiu Apskritis",
		"Utenos Apskritis",
		"Vilniaus Apskritis"
	],
	"Luxembourg": [
		"Diekirch",
		"GreveNmacher"
	],
	"Latvia": [
		"Aizkraukles Apripkis",
		"Alkanes Apripkis",
		"Balvu Apripkis",
		"Bauskas Apripkis",
		"Cesu Aprikis",
		"Daugavpile Apripkis",
		"Dobeles Apripkis",
		"Gulbenes Aprlpkis",
		"Jelgavas Apripkis",
		"Jekabpils Apripkis",
		"Kraslavas Apripkis",
		"Kuldlgas Apripkis",
		"Limbazu Apripkis",
		"Liepajas Apripkis",
		"Ludzas Apripkis",
		"Madonas Apripkis",
		"Ogres Apripkis",
		"Preilu Apripkis",
		"Rezaknes Apripkis",
		"Rigas Apripkis",
		"Saldus Apripkis",
		"Talsu Apripkis",
		"Tukuma Apriplcis",
		"Valkas Apripkis",
		"Valmieras Apripkis",
		"Ventspils Apripkis",
		"Daugavpils",
		"Jelgava",
		"Jurmala",
		"Liepaja",
		"Rezekne",
		"Riga",
		"Ventspils"
	],
	"Libyan Arab Jamahiriya": [
		"Ajd\u0101biy\u0101",
		"Al Bu\u0163n\u0101n",
		"Al Hiz\u0101m al Akhdar",
		"Al Jabal al Akhdar",
		"Al Jif\u0101rah",
		"Al Jufrah",
		"Al Kufrah",
		"Al Marj",
		"Al Marqab",
		"Al Qa\u0163r\u016bn",
		"Al Qubbah",
		"Al W\u0101hah",
		"An Nuqa\u0163 al Khams",
		"Ash Sh\u0101\u0163i'",
		"Az Z\u0101wiyah",
		"Bangh\u0101z\u012b",
		"Ban\u012b Wal\u012bd",
		"Darnah",
		"Ghad\u0101mis",
		"Ghary\u0101n",
		"Gh\u0101t",
		"Jaghb\u016bb",
		"Mi\u015fr\u0101tah",
		"Mizdah",
		"Murzuq",
		"N\u0101l\u016bt",
		"Sabh\u0101",
		"\u015eabr\u0101tah \u015eurm\u0101n",
		"Surt",
		"T\u0101j\u016br\u0101' wa an Naw\u0101h\u012b al Arb\u0101h",
		"\u0162ar\u0101bulus",
		"Tarh\u016bnah-Masall\u0101tah",
		"W\u0101d\u012b al hay\u0101t",
		"Yafran-J\u0101d\u016b"
	],
	"Morocco": [
		"Agadir",
		"A\u00eft Baha",
		"A\u00eft Melloul",
		"Al Haouz",
		"Al Hoce\u00efma",
		"Assa-Zag",
		"Azilal",
		"Beni Mellal",
		"Ben Sllmane",
		"Berkane",
		"Boujdour",
		"Boulemane",
		"Casablanca  [Dar el Be\u00efda]",
		"Chefchaouene",
		"Chichaoua",
		"El Hajeb",
		"El Jadida",
		"Errachidia",
		"Essaouira",
		"Es Smara",
		"F\u00e8s",
		"Figuig",
		"Guelmim",
		"Ifrane",
		"Jerada",
		"Kelaat Sraghna",
		"K\u00e9nitra",
		"Khemisaet",
		"Khenifra",
		"Khouribga",
		"La\u00e2youne (EH)",
		"Larache",
		"Marrakech",
		"Mekns\u00e8s",
		"Nador",
		"Ouarzazate",
		"Oued ed Dahab (EH)",
		"Oujda",
		"Rabat-Sal\u00e9",
		"Safi",
		"Sefrou",
		"Settat",
		"Sidl Kacem",
		"Tanger",
		"Tan-Tan",
		"Taounate",
		"Taroudannt",
		"Tata",
		"Taza",
		"T\u00e9touan",
		"Tiznit"
	],
	"Moldova": [
		"Gagauzia, Unitate Teritoriala Autonoma",
		"Chisinau",
		"Stinga Nistrului, unitatea teritoriala din",
		"Balti",
		"Cahul",
		"Edinet",
		"Lapusna",
		"Orhei",
		"Soroca",
		"Taraclia",
		"Tighina [Bender]",
		"Ungheni"
	],
	"Madagascar": [
		"Antananarivo",
		"Antsiranana",
		"Fianarantsoa",
		"Mahajanga",
		"Toamasina",
		"Toliara"
	],
	"Marshall Islands": [
		"Ailinglapalap",
		"Ailuk",
		"Arno",
		"Aur",
		"Ebon",
		"Eniwetok",
		"Jaluit",
		"Kili",
		"Kwajalein",
		"Lae",
		"Lib",
		"Likiep",
		"Majuro",
		"Maloelap",
		"Mejit",
		"Mili",
		"Namorik",
		"Namu",
		"Rongelap",
		"Ujae",
		"Ujelang",
		"Utirik",
		"Wotho",
		"Wotje"
	],
	"Mali": [
		"Bamako",
		"Gao",
		"Kayes",
		"Kidal",
		"Xoulikoro",
		"Mopti",
		"S69ou",
		"Sikasso",
		"Tombouctou"
	],
	"Myanmar": [
		"Ayeyarwady",
		"Bago",
		"Magway",
		"Mandalay",
		"Sagaing",
		"Tanintharyi",
		"Yangon",
		"Chin",
		"Kachin",
		"Kayah",
		"Kayin",
		"Mon",
		"Rakhine",
		"Shan"
	],
	"Mongolia": [
		"Ulaanbaatar",
		"Arhangay",
		"Bayanhongor",
		"Bayan-Olgiy",
		"Bulgan",
		"Darhan uul",
		"Dornod",
		"Dornogov",
		"DundgovL",
		"Dzavhan",
		"Govi-Altay",
		"Govi-Smber",
		"Hentiy",
		"Hovd",
		"Hovsgol",
		"Omnogovi",
		"Orhon",
		"Ovorhangay",
		"Selenge",
		"Shbaatar",
		"Tov",
		"Uvs"
	],
	"Mauritania": [
		"Nouakchott",
		"Assaba",
		"Brakna",
		"Dakhlet Nouadhibou",
		"Gorgol",
		"Guidimaka",
		"Hodh ech Chargui",
		"Hodh el Charbi",
		"Inchiri",
		"Tagant",
		"Tiris Zemmour",
		"Trarza"
	],
	"Mauritius": [
		"Beau Bassin-Rose Hill",
		"Curepipe",
		"Port Louis",
		"Quatre Bornes",
		"Vacosa-Phoenix",
		"Black River",
		"Flacq",
		"Grand Port",
		"Moka",
		"Pamplemousses",
		"Plaines Wilhems",
		"Riviere du Rempart",
		"Savanne",
		"Agalega Islands",
		"Cargados Carajos Shoals",
		"Rodrigues Island"
	],
	"Maldives": [
		"Male",
		"Alif",
		"Baa",
		"Dhaalu",
		"Faafu",
		"Gaaf Alif",
		"Gaefu Dhaalu",
		"Gnaviyani",
		"Haa Alif",
		"Haa Dhaalu",
		"Kaafu",
		"Laamu",
		"Lhaviyani",
		"Meemu",
		"Noonu",
		"Raa",
		"Seenu",
		"Shaviyani",
		"Thaa",
		"Vaavu"
	],
	"Malawi": [
		"Balaka",
		"Blantyre",
		"Chikwawa",
		"Chiradzulu",
		"Chitipa",
		"Dedza",
		"Dowa",
		"Karonga",
		"Kasungu",
		"Likoma Island",
		"Lilongwe",
		"Machinga",
		"Mangochi",
		"Mchinji",
		"Mulanje",
		"Mwanza",
		"Mzimba",
		"Nkhata Bay",
		"Nkhotakota",
		"Nsanje",
		"Ntcheu",
		"Ntchisi",
		"Phalomba",
		"Rumphi",
		"Salima",
		"Thyolo",
		"Zomba"
	],
	"Malaysia": [
		"Wilayah Persekutuan Kuala Lumpur",
		"Wilayah Persekutuan Labuan",
		"Wilayah Persekutuan Putrajaya",
		"Johor",
		"Kedah",
		"Kelantan",
		"Melaka",
		"Negeri Sembilan",
		"Pahang",
		"Perak",
		"Perlis",
		"Pulau Pinang",
		"Sabah",
		"Sarawak",
		"Selangor",
		"Terengganu"
	],
	"Mozambique": [
		"Maputo",
		"Cabo Delgado",
		"Inhambane",
		"Manica",
		"Numpula",
		"Niaaea",
		"Sofala",
		"Tete",
		"Zambezia"
	],
	"Namibia": [
		"Caprivi",
		"Erongo",
		"Hardap",
		"Karas",
		"Khomae",
		"Kunene",
		"Ohangwena",
		"Okavango",
		"Omaheke",
		"Omusati",
		"Oshana",
		"Oshikoto",
		"Otjozondjupa"
	],
	"Niger": [
		"Niamey",
		"Agadez",
		"Diffa",
		"Dosso",
		"Maradi",
		"Tahoua",
		"Tillaberi",
		"Zinder"
	],
	"Nigeria": [
		"Abuja Capital Territory",
		"Abia",
		"Adamawa",
		"Akwa Ibom",
		"Anambra",
		"Bauchi",
		"Bayelsa",
		"Benue",
		"Borno",
		"Cross River",
		"Delta",
		"Ebonyi",
		"Edo",
		"Ekiti",
		"Enugu",
		"Gombe",
		"Imo",
		"Jigawa",
		"Kaduna",
		"Kano",
		"Katsina",
		"Kebbi",
		"Kogi",
		"Kwara",
		"Lagos",
		"Nassarawa",
		"Niger",
		"Ogun",
		"Ondo",
		"Osun",
		"Oyo",
		"Rivers",
		"Sokoto",
		"Taraba",
		"Yobe",
		"Zamfara"
	],
	"Nicaragua": [
		"Boaco",
		"Carazo",
		"Chinandega",
		"Chontales",
		"Esteli",
		"Jinotega",
		"Leon",
		"Madriz",
		"Managua",
		"Masaya",
		"Matagalpa",
		"Nueva Segovia",
		"Rio San Juan",
		"Rivas",
		"Atlantico Norte",
		"Atlantico Sur"
	],
	"Norway": [
		"Akershus",
		"Aust-Agder",
		"Buskerud",
		"Finumark",
		"Hedmark",
		"Hordaland",
		"Mire og Romsdal",
		"Nordland",
		"Nord-Trindelag",
		"Oppland",
		"Oslo",
		"Rogaland",
		"Sogn og Fjordane",
		"Sir-Trindelag",
		"Telemark",
		"Troms",
		"Vest-Agder",
		"Vestfold",
		"Ostfold",
		"Jan Mayen",
		"Svalbard"
	],
	"New Zealand": [
		"Auckland",
		"Bay of Plenty",
		"Canterbury",
		"Gisborne",
		"Hawkes Bay",
		"Manawatu-Wanganui",
		"Marlborough",
		"Nelson",
		"Northland",
		"Otago",
		"Southland",
		"Taranaki",
		"Tasman",
		"waikato",
		"Wellington",
		"West Coast"
	],
	"Oman": [
		"Ad Dakhillyah",
		"Al Batinah",
		"Al Janblyah",
		"Al Wusta",
		"Ash Sharqlyah",
		"Az Zahirah",
		"Masqat",
		"Musandam"
	],
	"Panama": [
		"Bocas del Toro",
		"Cocle",
		"Chiriqui",
		"Darien",
		"Herrera",
		"Loa Santoa",
		"Panama",
		"Veraguas",
		"Comarca de San Blas"
	],
	"Peru": [
		"El Callao",
		"Ancash",
		"Apurimac",
		"Arequipa",
		"Ayacucho",
		"Cajamarca",
		"Cuzco",
		"Huancavelica",
		"Huanuco",
		"Ica",
		"Junin",
		"La Libertad",
		"Lambayeque",
		"Lima",
		"Loreto",
		"Madre de Dios",
		"Moquegua",
		"Pasco",
		"Piura",
		"Puno",
		"San Martin",
		"Tacna",
		"Tumbes",
		"Ucayali"
	],
	"Papua New Guinea": [
		"National Capital District (Port Moresby)",
		"Chimbu",
		"Eastern Highlands",
		"East New Britain",
		"East Sepik",
		"Enga",
		"Gulf",
		"Madang",
		"Manus",
		"Milne Bay",
		"Morobe",
		"New Ireland",
		"North Solomons",
		"Santaun",
		"Southern Highlands",
		"Western Highlands",
		"West New Britain"
	],
	"Philippines": [
		"Abra",
		"Agusan del Norte",
		"Agusan del Sur",
		"Aklan",
		"Albay",
		"Antique",
		"Apayao",
		"Aurora",
		"Basilan",
		"Batasn",
		"Batanes",
		"Batangas",
		"Benguet",
		"Biliran",
		"Bohol",
		"Bukidnon",
		"Bulacan",
		"Cagayan",
		"Camarines Norte",
		"Camarines Sur",
		"Camiguin",
		"Capiz",
		"Catanduanes",
		"Cavite",
		"Cebu",
		"Compostela Valley",
		"Davao",
		"Davao del Sur",
		"Davao Oriental",
		"Eastern Samar",
		"Guimaras",
		"Ifugao",
		"Ilocos Norte",
		"Ilocos Sur",
		"Iloilo",
		"Isabela",
		"Kalinga-Apayso",
		"Laguna",
		"Lanao del Norte",
		"Lanao del Sur",
		"La Union",
		"Leyte",
		"Maguindanao",
		"Marinduque",
		"Masbate",
		"Mindoro Occidental",
		"Mindoro Oriental",
		"Misamis Occidental",
		"Misamis Oriental",
		"Mountain Province",
		"Negroe Occidental",
		"Negros Oriental",
		"North Cotabato",
		"Northern Samar",
		"Nueva Ecija",
		"Nueva Vizcaya",
		"Palawan",
		"Pampanga",
		"Pangasinan",
		"Quezon",
		"Quirino",
		"Rizal",
		"Romblon",
		"Sarangani",
		"Siquijor",
		"Sorsogon",
		"South Cotabato",
		"Southern Leyte",
		"Sultan Kudarat",
		"Sulu",
		"Surigao del Norte",
		"Surigao del Sur",
		"Tarlac",
		"Tawi-Tawi",
		"Western Samar",
		"Zambales",
		"Zamboanga del Norte",
		"Zamboanga del Sur",
		"Zamboanga Sibiguey"
	],
	"Pakistan": [
		"Islamabad",
		"Baluchistan (en)",
		"North-West Frontier",
		"Sind (en)",
		"Federally Administered Tribal Aresa",
		"Azad Rashmir",
		"Northern Areas"
	],
	"Portugal": [
		"Aveiro",
		"Beja",
		"Braga",
		"Braganca",
		"Castelo Branco",
		"Colmbra",
		"Ovora",
		"Faro",
		"Guarda",
		"Leiria",
		"Lisboa",
		"Portalegre",
		"Porto",
		"Santarem",
		"Setubal",
		"Viana do Castelo",
		"Vila Real",
		"Viseu",
		"Regiao Autonoma dos Acores",
		"Regiao Autonoma da Madeira"
	],
	"Paraguay": [
		"Asuncion",
		"Alto Paraguay",
		"Alto Parana",
		"Amambay",
		"Boqueron",
		"Caeguazu",
		"Caazapl",
		"Canindeyu",
		"Concepcion",
		"Cordillera",
		"Guaira",
		"Itapua",
		"Miaiones",
		"Neembucu",
		"Paraguari",
		"Presidente Hayes",
		"San Pedro"
	],
	"Qatar": [
		"Ad Dawhah",
		"Al Ghuwayriyah",
		"Al Jumayliyah",
		"Al Khawr",
		"Al Wakrah",
		"Ar Rayyan",
		"Jariyan al Batnah",
		"Madinat ash Shamal",
		"Umm Salal"
	],
	"Romania": [
		"Bucuresti",
		"Alba",
		"Arad",
		"Arges",
		"Bacau",
		"Bihor",
		"Bistrita-Nasaud",
		"Boto'ani",
		"Bra'ov",
		"Braila",
		"Buzau",
		"Caras-Severin",
		"Ca la ras'i",
		"Cluj",
		"Constant'a",
		"Covasna",
		"Dambovit'a",
		"Dolj",
		"Galat'i",
		"Giurgiu",
		"Gorj",
		"Harghita",
		"Hunedoara",
		"Ialomit'a",
		"Ias'i",
		"Ilfov",
		"Maramures",
		"Mehedint'i",
		"Mures",
		"Neamt",
		"Olt",
		"Prahova",
		"Satu Mare",
		"Sa laj",
		"Sibiu",
		"Suceava",
		"Teleorman",
		"Timis",
		"Tulcea",
		"Vaslui",
		"Valcea",
		"Vrancea"
	],
	"Russian Federation": [
		"Adygeya, Respublika",
		"Altay, Respublika",
		"Bashkortostan, Respublika",
		"Buryatiya, Respublika",
		"Chechenskaya Respublika",
		"Chuvashskaya Respublika",
		"Dagestan, Respublika",
		"Ingushskaya Respublika",
		"Kabardino-Balkarskaya",
		"Kalmykiya, Respublika",
		"Karachayevo-Cherkesskaya Respublika",
		"Kareliya, Respublika",
		"Khakasiya, Respublika",
		"Komi, Respublika",
		"Mariy El, Respublika",
		"Mordoviya, Respublika",
		"Sakha, Respublika [Yakutiya]",
		"Severnaya Osetiya, Respublika",
		"Tatarstan, Respublika",
		"Tyva, Respublika [Tuva]",
		"Udmurtskaya Respublika",
		"Altayskiy kray",
		"Khabarovskiy kray",
		"Krasnodarskiy kray",
		"Krasnoyarskiy kray",
		"Primorskiy kray",
		"Stavropol'skiy kray",
		"Amurskaya oblast'",
		"Arkhangel'skaya oblast'",
		"Astrakhanskaya oblast'",
		"Belgorodskaya oblast'",
		"Bryanskaya oblast'",
		"Chelyabinskaya oblast'",
		"Chitinskaya oblast'",
		"Irkutskaya oblast'",
		"Ivanovskaya oblast'",
		"Kaliningradskaya oblast'",
		"Kaluzhskaya oblast'",
		"Kamchatskaya oblast'",
		"Kemerovskaya oblast'",
		"Kirovskaya oblast'",
		"Kostromskaya oblast'",
		"Kurganskaya oblast'",
		"Kurskaya oblast'",
		"Leningradskaya oblast'",
		"Lipetskaya oblast'",
		"Magadanskaya oblast'",
		"Moskovskaya oblast'",
		"Murmanskaya oblast'",
		"Nizhegorodskaya oblast'",
		"Novgorodskaya oblast'",
		"Novosibirskaya oblast'",
		"Omskaya oblast'",
		"Orenburgskaya oblast'",
		"Orlovskaya oblast'",
		"Penzenskaya oblast'",
		"Permskaya oblast'",
		"Pskovskaya oblast'",
		"Rostovskaya oblast'",
		"Ryazanskaya oblast'",
		"Sakhalinskaya oblast'",
		"Samarskaya oblast'",
		"Saratovskaya oblast'",
		"Smolenskaya oblast'",
		"Sverdlovskaya oblast'",
		"Tambovskaya oblast'",
		"Tomskaya oblast'",
		"Tul'skaya oblast'",
		"Tverskaya oblast'",
		"Tyumenskaya oblast'",
		"Ul'yanovskaya oblast'",
		"Vladimirskaya oblast'",
		"Volgogradskaya oblast'",
		"Vologodskaya oblast'",
		"Voronezhskaya oblast'",
		"Yaroslavskaya oblast'",
		"Moskva",
		"Sankt-Peterburg",
		"Yevreyskaya avtonomnaya oblast'",
		"Aginskiy Buryatskiy avtonomnyy",
		"Chukotskiy avtonomnyy okrug",
		"Evenkiyskiy avtonomnyy okrug",
		"Khanty-Mansiyskiy avtonomnyy okrug",
		"Komi-Permyatskiy avtonomnyy okrug",
		"Koryakskiy avtonomnyy okrug",
		"Nenetskiy avtonomnyy okrug",
		"Taymyrskiy (Dolgano-Nenetskiy)",
		"Ust'-Ordynskiy Buryatskiy",
		"Yamalo-Nenetskiy avtonomnyy okrug"
	],
	"Rwanda": [
		"Butare",
		"Byumba",
		"Cyangugu",
		"Gikongoro",
		"Gisenyi",
		"Gitarama",
		"Kibungo",
		"Kibuye",
		"Kigali-Rural Kigali y' Icyaro",
		"Kigali-Ville Kigali Ngari",
		"Mutara",
		"Ruhengeri"
	],
	"Saudi Arabia": [
		"Al Batah",
		"Al H, udd ash Shamallyah",
		"Al Jawf",
		"Al Madinah",
		"Al Qasim",
		"Ar Riyad",
		"Asir",
		"Ha'il",
		"Jlzan",
		"Makkah",
		"Najran",
		"Tabuk"
	],
	"Solomon Islands": [
		"Capital Territory (Honiara)",
		"Guadalcanal",
		"Isabel",
		"Makira",
		"Malaita",
		"Temotu"
	],
	"Sudan": [
		"A'ali an Nil",
		"Al Bah al Ahmar",
		"Al Buhayrat",
		"Al Jazirah",
		"Al Khartum",
		"Al Qadarif",
		"Al Wahdah",
		"An Nil",
		"An Nil al Abyaq",
		"An Nil al Azraq",
		"Ash Shamallyah",
		"Bahr al Jabal",
		"Gharb al Istiwa'iyah",
		"Gharb Ba~r al Ghazal",
		"Gharb Darfur",
		"Gharb Kurdufan",
		"Janub Darfur",
		"Janub Rurdufan",
		"Jnqall",
		"Kassala",
		"Shamal Batr al Ghazal",
		"Shamal Darfur",
		"Shamal Kurdufan",
		"Sharq al Istiwa'iyah",
		"Sinnar",
		"Warab"
	],
	"Sweden": [
		"Blekinge lan",
		"Dalarnas lan",
		"Gotlands lan",
		"Gavleborge lan",
		"Hallands lan",
		"Jamtlande lan",
		"Jonkopings lan",
		"Kalmar lan",
		"Kronoberge lan",
		"Norrbottena lan",
		"Skane lan",
		"Stockholms lan",
		"Sodermanlands lan",
		"Uppsala lan",
		"Varmlanda lan",
		"Vasterbottens lan",
		"Vasternorrlands lan",
		"Vastmanlanda lan",
		"Vastra Gotalands lan",
		"Orebro lan",
		"Ostergotlands lan"
	],
	"Saint Helena": [
		"Saint Helena",
		"Ascension",
		"Tristan da Cunha"
	],
	"Slovenia": [
		"Ajdovscina",
		"Beltinci",
		"Benedikt",
		"Bistrica ob Sotli",
		"Bled",
		"Bloke",
		"Bohinj",
		"Borovnica",
		"Bovec",
		"Braslovce",
		"Brda",
		"Brezovica",
		"Brezica",
		"Cankova",
		"Celje",
		"Cerklje na Gorenjskem",
		"Cerknica",
		"Cerkno",
		"Cerkvenjak",
		"Crensovci",
		"Crna na Koroskem",
		"Crnomelj",
		"Destrnik",
		"Divaca",
		"Dobje",
		"Dobrepolje",
		"Dobrna",
		"Dobrova-Polhov Gradec",
		"Dobrovnik",
		"Dol pri Ljubljani",
		"Dolenjske Toplice",
		"Domzale",
		"Dornava",
		"Dravograd",
		"Duplek",
		"Gorenja vas-Poljane",
		"Gorsnica",
		"Gornja Radgona",
		"Gornji Grad",
		"Gornji Petrovci",
		"Grad",
		"Grosuplje",
		"Hajdina",
		"Hoce-Slivnica",
		"Hodos",
		"Jorjul",
		"Hrastnik",
		"Hrpelje-Kozina",
		"Idrija",
		"Ig",
		"IIrska Bistrica",
		"Ivancna Gorica",
		"Izola",
		"Jesenice",
		"Jezersko",
		"Jursinci",
		"Kamnik",
		"Kanal",
		"Kidricevo",
		"Kobarid",
		"Kobilje",
		"Jovevje",
		"Komen",
		"Komenda",
		"Koper",
		"Kostel",
		"Kozje",
		"Kranj",
		"Kranjska Gora",
		"Krizevci",
		"Krsko",
		"Kungota",
		"Kuzma",
		"Lasko",
		"Lenart",
		"Lendava",
		"Litija",
		"Ljubljana",
		"Ljubno",
		"Ljutomer",
		"Logatec",
		"Loska dolina",
		"Loski Potok",
		"Lovrenc na Pohorju",
		"Luce",
		"Lukovica",
		"Majsperk",
		"Maribor",
		"Markovci",
		"Medvode",
		"Menges",
		"Metlika",
		"Mezica",
		"Miklavz na Dravskern polju",
		"Miren-Kostanjevica",
		"Mirna Pec",
		"Mislinja",
		"Moravce",
		"Moravske Toplice",
		"Mozirje",
		"Murska Sobota",
		"Muta",
		"Naklo",
		"Nazarje",
		"Nova Gorica",
		"Nova mesto",
		"Sveta Ana",
		"Sveti Andraz v Slovenskih goricah",
		"Sveti Jurij",
		"Salovci",
		"Sempeter-Vrtojba",
		"Sencur",
		"Sentilj",
		"Sentjernej",
		"Sentjur pri Celju",
		"Skocjan",
		"Skofja Loka",
		"Skoftjica",
		"Smarje pri Jelsah",
		"Smartno ob Paki",
		"Smartno pri Litiji",
		"Sostanj",
		"Store",
		"Tabor",
		"Tisina",
		"Tolmin",
		"Trbovje",
		"Trebnje",
		"Trnovska vas",
		"Trzic",
		"Trzin",
		"Turnisce",
		"Velenje",
		"Velika Polana",
		"Velika Lasce",
		"Verzej",
		"Videm",
		"Vipava",
		"Vitanje",
		"Vojnik",
		"Vransko",
		"Vrhnika",
		"Vuzenica",
		"Zagorje ob Savi",
		"Zavrc",
		"Zrece",
		"Zalec",
		"Zelezniki",
		"Zetale",
		"Ziri",
		"Zirovnica",
		"Zuzemberk"
	],
	"Slovakia": [
		"Banskobystrick\u00fd kraj",
		"Bratislavsk\u00fd kraj",
		"Ko\u0161ick\u00fd kraj",
		"Nitriansky kraj",
		"Pre\u0161ovsk\u00fd kraj",
		"Tren\u010diansky kraj",
		"Trnavsk\u00fd kraj",
		"\u017dilinsk\u00fd kraj"
	],
	"Sierra Leone": [
		"Western Area (Freetown)"
	],
	"Senegal": [
		"Dakar",
		"Diourbel",
		"Fatick",
		"Kaolack",
		"Kolda",
		"Louga",
		"Matam",
		"Saint-Louis",
		"Tambacounda",
		"Thies",
		"Ziguinchor"
	],
	"Somalia": [
		"Awdal",
		"Bakool",
		"Banaadir",
		"Bay",
		"Galguduud",
		"Gedo",
		"Hiirsan",
		"Jubbada Dhexe",
		"Jubbada Hoose",
		"Mudug",
		"Nugaal",
		"Saneag",
		"Shabeellaha Dhexe",
		"Shabeellaha Hoose",
		"Sool",
		"Togdheer",
		"Woqooyi Galbeed"
	],
	"Suriname": [
		"Brokopondo",
		"Commewijne",
		"Coronie",
		"Marowijne",
		"Nickerie",
		"Paramaribo",
		"Saramacca",
		"Sipaliwini",
		"Wanica"
	],
	"Sao Tome and Principe": [
		"Principe",
		"Sao Tome"
	],
	"El Salvador": [
		"Ahuachapan",
		"Cabanas",
		"Cuscatlan",
		"Chalatenango",
		"Morazan",
		"San Miguel",
		"San Salvador",
		"Santa Ana",
		"San Vicente",
		"Sonsonate",
		"Usulutan"
	],
	"Syrian Arab Republic": [
		"Al Hasakah",
		"Al Ladhiqiyah",
		"Al Qunaytirah",
		"Ar Raqqah",
		"As Suwayda'",
		"Dar'a",
		"Dayr az Zawr",
		"Dimashq",
		"Halab",
		"Hamah",
		"Jim'",
		"Idlib",
		"Rif Dimashq",
		"Tarts"
	],
	"Swaziland": [
		"Hhohho",
		"Lubombo",
		"Manzini",
		"Shiselweni"
	],
	"Chad": [
		"Batha",
		"Biltine",
		"Borkou-Ennedi-Tibesti",
		"Chari-Baguirmi",
		"Guera",
		"Kanem",
		"Lac",
		"Logone-Occidental",
		"Logone-Oriental",
		"Mayo-Kebbi",
		"Moyen-Chari",
		"Ouaddai",
		"Salamat",
		"Tandjile"
	],
	"Togo": [
		"Kara",
		"Maritime (Region)",
		"Savannes"
	],
	"Thailand": [
		"Krung Thep Maha Nakhon Bangkok",
		"Phatthaya",
		"Amnat Charoen",
		"Ang Thong",
		"Buri Ram",
		"Chachoengsao",
		"Chai Nat",
		"Chaiyaphum",
		"Chanthaburi",
		"Chiang Mai",
		"Chiang Rai",
		"Chon Buri",
		"Chumphon",
		"Kalasin",
		"Kamphasng Phet",
		"Kanchanaburi",
		"Khon Kaen",
		"Krabi",
		"Lampang",
		"Lamphun",
		"Loei",
		"Lop Buri",
		"Mae Hong Son",
		"Maha Sarakham",
		"Mukdahan",
		"Nakhon Nayok",
		"Nakhon Pathom",
		"Nakhon Phanom",
		"Nakhon Ratchasima",
		"Nakhon Sawan",
		"Nakhon Si Thammarat",
		"Nan",
		"Narathiwat",
		"Nong Bua Lam Phu",
		"Nong Khai",
		"Nonthaburi",
		"Pathum Thani",
		"Pattani",
		"Phangnga",
		"Phatthalung",
		"Phayao",
		"Phetchabun",
		"Phetchaburi",
		"Phichit",
		"Phitsanulok",
		"Phrae",
		"Phra Nakhon Si Ayutthaya",
		"Phaket",
		"Prachin Buri",
		"Prachuap Khiri Khan",
		"Ranong",
		"Ratchaburi",
		"Rayong",
		"Roi Et",
		"Sa Kaeo",
		"Sakon Nakhon",
		"Samut Prakan",
		"Samut Sakhon",
		"Samut Songkhram",
		"Saraburi",
		"Satun",
		"Sing Buri",
		"Si Sa Ket",
		"Songkhla",
		"Sukhothai",
		"Suphan Buri",
		"Surat Thani",
		"Surin",
		"Tak",
		"Trang",
		"Trat",
		"Ubon Ratchathani",
		"Udon Thani",
		"Uthai Thani",
		"Uttaradit",
		"Yala",
		"Yasothon"
	],
	"Tajikistan": [
		"Sughd",
		"Khatlon",
		"Gorno-Badakhshan"
	],
	"Turkmenistan": [
		"Ahal",
		"Balkan",
		"Dasoguz",
		"Lebap",
		"Mary"
	],
	"Tunisia": [
		"B\u00e9ja",
		"Ben Arous",
		"Bizerte",
		"Gab\u00e8s",
		"Gafsa",
		"Jendouba",
		"Kairouan",
		"Rasserine",
		"Kebili",
		"L'Ariana",
		"Le Ref",
		"Mahdia",
		"La Manouba",
		"Medenine",
		"Moneatir",
		"Naboul",
		"Sfax",
		"Sidi Bouxid",
		"Siliana",
		"Sousse",
		"Tataouine",
		"Tozeur",
		"Tunis",
		"Zaghouan"
	],
	"Turkey": [
		"Adana",
		"Ad yaman",
		"Afyon",
		"Ag r",
		"Aksaray",
		"Amasya",
		"Ankara",
		"Antalya",
		"Ardahan",
		"Artvin",
		"Aydin",
		"Bal kesir",
		"Bartin",
		"Batman",
		"Bayburt",
		"Bilecik",
		"Bingol",
		"Bitlis",
		"Bolu",
		"Burdur",
		"Bursa",
		"Canakkale",
		"Cankir",
		"Corum",
		"Denizli",
		"Diyarbakir",
		"Duzce",
		"Edirne",
		"Elazig",
		"Erzincan",
		"Erzurum",
		"Eskis'ehir",
		"Gaziantep",
		"Giresun",
		"Gms'hane",
		"Hakkari",
		"Hatay",
		"Igidir",
		"Isparta",
		"Icel",
		"Istanbul",
		"Izmir",
		"Kahramanmaras",
		"Karabk",
		"Karaman",
		"Kars",
		"Kastamonu",
		"Kayseri",
		"Kirikkale",
		"Kirklareli",
		"Kirs'ehir",
		"Kilis",
		"Kocaeli",
		"Konya",
		"Ktahya",
		"Malatya",
		"Manisa",
		"Mardin",
		"Mugila",
		"Mus",
		"Nevs'ehir",
		"Nigide",
		"Ordu",
		"Osmaniye",
		"Rize",
		"Sakarya",
		"Samsun",
		"Siirt",
		"Sinop",
		"Sivas",
		"S'anliurfa",
		"S'rnak",
		"Tekirdag",
		"Tokat",
		"Trabzon",
		"Tunceli",
		"Us'ak",
		"Van",
		"Yalova",
		"Yozgat",
		"Zonguldak"
	],
	"Trinidad and Tobago": [
		"Couva-Tabaquite-Talparo",
		"Diego Martin",
		"Eastern Tobago",
		"Penal-Debe",
		"Princes Town",
		"Rio Claro-Mayaro",
		"Sangre Grande",
		"San Juan-Laventille",
		"Siparia",
		"Tunapuna-Piarco",
		"Western Tobago",
		"Arima",
		"Chaguanas",
		"Point Fortin",
		"Port of Spain",
		"San Fernando"
	],
	"Timor-Leste": [
		"Aileu",
		"Ainaro",
		"Bacucau",
		"Bobonaro",
		"Cova Lima",
		"Dili",
		"Ermera",
		"Laulem",
		"Liquica",
		"Manatuto",
		"Manafahi",
		"Oecussi",
		"Viqueque"
	],
	"Taiwan": [
		"Changhua",
		"Chiayi",
		"Hsinchu",
		"Hualien",
		"Ilan",
		"Kaohsiung",
		"Miaoli",
		"Nantou",
		"Penghu",
		"Pingtung",
		"Taichung",
		"Tainan",
		"Taipei",
		"Taitung",
		"Taoyuan",
		"Yunlin",
		"Keelung"
	],
	"Tanzania, United Republic of": [
		"Arusha",
		"Dar-es-Salaam",
		"Dodoma",
		"Iringa",
		"Kagera",
		"Kaskazini Pemba",
		"Kaskazini Unguja",
		"Xigoma",
		"Kilimanjaro",
		"Rusini Pemba",
		"Kusini Unguja",
		"Lindi",
		"Manyara",
		"Mara",
		"Mbeya",
		"Mjini Magharibi",
		"Morogoro",
		"Mtwara",
		"Pwani",
		"Rukwa",
		"Ruvuma",
		"Shinyanga",
		"Singida",
		"Tabora",
		"Tanga"
	],
	"Ukraine": [
		"Cherkas'ka Oblast'",
		"Chernihivs'ka Oblast'",
		"Chernivets'ka Oblast'",
		"Dnipropetrovs'ka Oblast'",
		"Donets'ka Oblast'",
		"Ivano-Frankivs'ka Oblast'",
		"Kharkivs'ka Oblast'",
		"Khersons'ka Oblast'",
		"Khmel'nyts'ka Oblast'",
		"Kirovohrads'ka Oblast'",
		"Kyivs'ka Oblast'",
		"Luhans'ka Oblast'",
		"L'vivs'ka Oblast'",
		"Mykolaivs'ka Oblast'",
		"Odes 'ka Oblast'",
		"Poltavs'ka Oblast'",
		"Rivnens'ka Oblast'",
		"Sums 'ka Oblast'",
		"Ternopil's'ka Oblast'",
		"Vinnyts'ka Oblast'",
		"Volyos'ka Oblast'",
		"Zakarpats'ka Oblast'",
		"Zaporiz'ka Oblast'",
		"Zhytomyrs'ka Oblast'",
		"Respublika Krym",
		"Kyiv",
		"Sevastopol"
	],
	"Uganda": [
		"Adjumani",
		"Apac",
		"Arua",
		"Bugiri",
		"Bundibugyo",
		"Bushenyi",
		"Busia",
		"Gulu",
		"Hoima",
		"Iganga",
		"Jinja",
		"Kabale",
		"Kabarole",
		"Kaberamaido",
		"Kalangala",
		"Kampala",
		"Kamuli",
		"Kamwenge",
		"Kanungu",
		"Kapchorwa",
		"Kasese",
		"Katakwi",
		"Kayunga",
		"Kibaale",
		"Kiboga",
		"Kisoro",
		"Kitgum",
		"Kotido",
		"Kumi",
		"Kyenjojo",
		"Lira",
		"Luwero",
		"Masaka",
		"Masindi",
		"Mayuge",
		"Mbale",
		"Mbarara",
		"Moroto",
		"Moyo",
		"Mpigi",
		"Mubende",
		"Mukono",
		"Nakapiripirit",
		"Nakasongola",
		"Nebbi",
		"Ntungamo",
		"Pader",
		"Pallisa",
		"Rakai",
		"Rukungiri",
		"Sembabule",
		"Sironko",
		"Soroti",
		"Tororo",
		"Wakiso",
		"Yumbe"
	],
	"United States Minor Outlying Islands": [
		"Baker Island",
		"Howland Island",
		"Jarvis Island",
		"Johnston Atoll",
		"Kingman Reef",
		"Midway Islands",
		"Navassa Island",
		"Palmyra Atoll",
		"Wake Ialand"
	],
	"Uruguay": [
		"Artigsa",
		"Canelones",
		"Cerro Largo",
		"Colonia",
		"Durazno",
		"Flores",
		"Lavalleja",
		"Maldonado",
		"Montevideo",
		"Paysandu",
		"Rivera",
		"Rocha",
		"Salto",
		"Soriano",
		"Tacuarembo",
		"Treinta y Tres"
	],
	"Uzbekistan": [
		"Toshkent (city)",
		"Qoraqalpogiston Respublikasi",
		"Andijon",
		"Buxoro",
		"Farg'ona",
		"Jizzax",
		"Khorazm",
		"Namangan",
		"Navoiy",
		"Qashqadaryo",
		"Samarqand",
		"Sirdaryo",
		"Surxondaryo",
		"Toshkent",
		"Xorazm"
	],
	"Venezuela": [
		"Diatrito Federal",
		"Anzoategui",
		"Apure",
		"Aragua",
		"Barinas",
		"Carabobo",
		"Cojedes",
		"Falcon",
		"Guarico",
		"Lara",
		"Merida",
		"Miranda",
		"Monagas",
		"Nueva Esparta",
		"Portuguesa",
		"Tachira",
		"Trujillo",
		"Vargas",
		"Yaracuy",
		"Zulia",
		"Delta Amacuro",
		"Dependencias Federales"
	],
	"Vanuatu": [
		"Malampa",
		"Penama",
		"Sanma",
		"Shefa",
		"Tafea",
		"Torba"
	],
	"Samoa": [
		"A'ana",
		"Aiga-i-le-Tai",
		"Atua",
		"Fa'aaaleleaga",
		"Gaga'emauga",
		"Gagaifomauga",
		"Palauli",
		"Satupa'itea",
		"Tuamasaga",
		"Va'a-o-Fonoti",
		"Vaisigano"
	],
	"Serbia and Montenegro": [
		"Crna Gora",
		"Srbija",
		"Kosovo-Metohija",
		"Vojvodina"
	],
	"Yemen": [
		"Abyan",
		"Adan",
		"Ad Dali",
		"Al Bayda'",
		"Al Hudaydah",
		"Al Mahrah",
		"Al Mahwit",
		"Amran",
		"Dhamar",
		"Hadramawt",
		"Hajjah",
		"Ibb",
		"Lahij",
		"Ma'rib",
		"Sa'dah",
		"San'a'",
		"Shabwah",
		"Ta'izz"
	],
	"South Africa": [
		"Eastern Cape",
		"Free State",
		"Gauteng",
		"Kwazulu-Natal",
		"Mpumalanga",
		"Northern Cape",
		"Limpopo",
		"Western Cape",
		"North West"
	],
	"Zambia": [
		"Copperbelt",
		"Luapula",
		"Lusaka",
		"North-Western"
	],
	"Zimbabwe": [
		"Bulawayo",
		"Harare",
		"Manicaland",
		"Mashonaland Central",
		"Mashonaland East",
		"Mashonaland West",
		"Masvingo",
		"Matabeleland North",
		"Matabeleland South",
		"Midlands"
	],
	"Finland": [
		"South Karelia",
		"South Ostrobothnia",
		"Etel\u00e4-Savo",
		"H\u00e4me",
		"It\u00e4-Uusimaa",
		"Kainuu",
		"Central Ostrobothnia",
		"Central Finland",
		"Kymenlaakso",
		"Lapland",
		"Tampere Region",
		"Ostrobothnia",
		"North Karelia",
		"Nothern Ostrobothnia",
		"Northern Savo",
		"P\u00e4ij\u00e4t-H\u00e4me",
		"Satakunta",
		"Uusimaa",
		"South-West Finland",
		"\u00c5land"
	],
	"Netherlands Antilles": [
		"Bonaire",
		"Cura\u00e7ao",
		"Saba",
		"St. Eustatius",
		"St. Maarten"
	]
}
